<?xml version="1.0" encoding="UTF-8" ?>
<!-- This is a WordPress eXtended RSS file generated by WordPress as an export of your site. -->
<!-- It contains information about your site's posts, pages, comments, categories, and other content. -->
<!-- You may use this file to transfer that content from one site to another. -->
<!-- This file is not intended to serve as a complete backup of your site. -->

<!-- To import this information into a WordPress site follow these steps: -->
<!-- 1. Log in to that site as an administrator. -->
<!-- 2. Go to Tools: Import in the WordPress admin panel. -->
<!-- 3. Install the "WordPress" importer from the list. -->
<!-- 4. Activate & Run Importer. -->
<!-- 5. Upload this file using the form provided on that page. -->
<!-- 6. You will first be asked to map the authors in this export file to users -->
<!--    on the site. For each author, you may choose to map to an -->
<!--    existing user on the site or to create a new user. -->
<!-- 7. WordPress will then import each of the posts, pages, comments, categories, etc. -->
<!--    contained in this file into your site. -->

<!-- generator="WordPress/3.4.1" created="2012-09-01 17:36" -->
<rss version="2.0"
	xmlns:excerpt="http://wordpress.org/export/1.2/excerpt/"
	xmlns:content="http://purl.org/rss/1.0/modules/content/"
	xmlns:wfw="http://wellformedweb.org/CommentAPI/"
	xmlns:dc="http://purl.org/dc/elements/1.1/"
	xmlns:wp="http://wordpress.org/export/1.2/">

	<channel>
		<title>Classifieds Plugin</title>
		<link>http://premium.wpmudev.org/</link>
		<description>Sample top level Classifieds Categories</description>
		<pubDate>Sat, 01 Sep 2012 17:36:32 +0000</pubDate>
		<language>en-US</language>
		<wp:wxr_version>1.2</wp:wxr_version>
		<wp:base_site_url>http://premium.wpmudev.org/</wp:base_site_url>
		<wp:base_blog_url>http://premium.wpmudev.org/</wp:base_blog_url>


		<wp:term><wp:term_id>1</wp:term_id><wp:term_taxonomy>classifieds_categories</wp:term_taxonomy><wp:term_slug>cars-and-vehicles</wp:term_slug><wp:term_parent></wp:term_parent><wp:term_name><![CDATA[Cars and Vehicles]]></wp:term_name></wp:term>

		<wp:term><wp:term_id>17</wp:term_id><wp:term_taxonomy>classifieds_categories</wp:term_taxonomy><wp:term_slug>boats</wp:term_slug><wp:term_parent>Cars and Vehicles</wp:term_parent><wp:term_name><![CDATA[Boats]]></wp:term_name></wp:term>
		<wp:term><wp:term_id>18</wp:term_id><wp:term_taxonomy>classifieds_categories</wp:term_taxonomy><wp:term_slug>car</wp:term_slug><wp:term_parent>Cars and Vehicles</wp:term_parent><wp:term_name><![CDATA[Car]]></wp:term_name></wp:term>
		<wp:term><wp:term_id>19</wp:term_id><wp:term_taxonomy>classifieds_categories</wp:term_taxonomy><wp:term_slug>classic-cars</wp:term_slug><wp:term_parent>Cars and Vehicles</wp:term_parent><wp:term_name><![CDATA[Classic Cars]]></wp:term_name></wp:term>
		<wp:term><wp:term_id>20</wp:term_id><wp:term_taxonomy>classifieds_categories</wp:term_taxonomy><wp:term_slug>farm-equipment</wp:term_slug><wp:term_parent>Cars and Vehicles</wp:term_parent><wp:term_name><![CDATA[Farm Equipment]]></wp:term_name></wp:term>
		<wp:term><wp:term_id>21</wp:term_id><wp:term_taxonomy>classifieds_categories</wp:term_taxonomy><wp:term_slug>heavy-equipment</wp:term_slug><wp:term_parent>Cars and Vehicles</wp:term_parent><wp:term_name><![CDATA[Heavy Equipment]]></wp:term_name></wp:term>
		<wp:term><wp:term_id>22</wp:term_id><wp:term_taxonomy>classifieds_categories</wp:term_taxonomy><wp:term_slug>motorcycles</wp:term_slug><wp:term_parent>Cars and Vehicles</wp:term_parent><wp:term_name><![CDATA[Motorcycles]]></wp:term_name></wp:term>
		<wp:term><wp:term_id>23</wp:term_id><wp:term_taxonomy>classifieds_categories</wp:term_taxonomy><wp:term_slug>other-vehicles</wp:term_slug><wp:term_parent>Cars and Vehicles</wp:term_parent><wp:term_name><![CDATA[Other Vehicals]]></wp:term_name></wp:term>
		<wp:term><wp:term_id>24</wp:term_id><wp:term_taxonomy>classifieds_categories</wp:term_taxonomy><wp:term_slug>parts-accessories</wp:term_slug><wp:term_parent>Cars and Vehicles</wp:term_parent><wp:term_name><![CDATA[Parts &amp; Accessories]]></wp:term_name></wp:term>
		<wp:term><wp:term_id>25</wp:term_id><wp:term_taxonomy>classifieds_categories</wp:term_taxonomy><wp:term_slug>power-sports</wp:term_slug><wp:term_parent>Cars and Vehicles</wp:term_parent><wp:term_name><![CDATA[Power Sports]]></wp:term_name></wp:term>
		<wp:term><wp:term_id>26</wp:term_id><wp:term_taxonomy>classifieds_categories</wp:term_taxonomy><wp:term_slug>rvs</wp:term_slug><wp:term_parent>Cars and Vehicles</wp:term_parent><wp:term_name><![CDATA[RVs]]></wp:term_name></wp:term>
		<wp:term><wp:term_id>27</wp:term_id><wp:term_taxonomy>classifieds_categories</wp:term_taxonomy><wp:term_slug>trailers</wp:term_slug><wp:term_parent>Cars and Vehicles</wp:term_parent><wp:term_name><![CDATA[Trailers]]></wp:term_name></wp:term>
		<wp:term><wp:term_id>28</wp:term_id><wp:term_taxonomy>classifieds_categories</wp:term_taxonomy><wp:term_slug>vans</wp:term_slug><wp:term_parent>Cars and Vehicles</wp:term_parent><wp:term_name><![CDATA[Vans]]></wp:term_name></wp:term>


		<wp:term><wp:term_id>2</wp:term_id><wp:term_taxonomy>classifieds_categories</wp:term_taxonomy><wp:term_slug>pets</wp:term_slug><wp:term_parent></wp:term_parent><wp:term_name><![CDATA[Pets]]></wp:term_name></wp:term>
		<wp:term><wp:term_id>3</wp:term_id><wp:term_taxonomy>classifieds_categories</wp:term_taxonomy><wp:term_slug>for-sale</wp:term_slug><wp:term_parent></wp:term_parent><wp:term_name><![CDATA[For Sale]]></wp:term_name></wp:term>
		<wp:term><wp:term_id>4</wp:term_id><wp:term_taxonomy>classifieds_categories</wp:term_taxonomy><wp:term_slug>music</wp:term_slug><wp:term_parent></wp:term_parent><wp:term_name><![CDATA[Music]]></wp:term_name></wp:term>
		<wp:term><wp:term_id>5</wp:term_id><wp:term_taxonomy>classifieds_categories</wp:term_taxonomy><wp:term_slug>for-rent</wp:term_slug><wp:term_parent></wp:term_parent><wp:term_name><![CDATA[For Rent]]></wp:term_name></wp:term>
		<wp:term><wp:term_id>6</wp:term_id><wp:term_taxonomy>classifieds_categories</wp:term_taxonomy><wp:term_slug>community</wp:term_slug><wp:term_parent></wp:term_parent><wp:term_name><![CDATA[Community]]></wp:term_name></wp:term>
		<wp:term><wp:term_id>7</wp:term_id><wp:term_taxonomy>classifieds_categories</wp:term_taxonomy><wp:term_slug>services</wp:term_slug><wp:term_parent></wp:term_parent><wp:term_name><![CDATA[Services]]></wp:term_name></wp:term>
		<wp:term><wp:term_id>8</wp:term_id><wp:term_taxonomy>classifieds_categories</wp:term_taxonomy><wp:term_slug>jobs</wp:term_slug><wp:term_parent></wp:term_parent><wp:term_name><![CDATA[Jobs]]></wp:term_name></wp:term>
		<wp:term><wp:term_id>9</wp:term_id><wp:term_taxonomy>classifieds_categories</wp:term_taxonomy><wp:term_slug>tickets</wp:term_slug><wp:term_parent></wp:term_parent><wp:term_name><![CDATA[Tickets]]></wp:term_name></wp:term>
		
		<generator>http://wordpress.org/?v=3.4.1</generator>
	
	</channel>
</rss>
