<?xml version="1.0" encoding="UTF-8" ?>
<!-- This is a WordPress eXtended RSS file generated by WordPress as an export of your site. -->
<!-- It contains information about your site's posts, pages, comments, categories, and other content. -->
<!-- You may use this file to transfer that content from one site to another. -->
<!-- This file is not intended to serve as a complete backup of your site. -->

<!-- To import this information into a WordPress site follow these steps: -->
<!-- 1. Log in to that site as an administrator. -->
<!-- 2. Go to Tools: Import in the WordPress admin panel. -->
<!-- 3. Install the "WordPress" importer from the list. -->
<!-- 4. Activate & Run Importer. -->
<!-- 5. Upload this file using the form provided on that page. -->
<!-- 6. You will first be asked to map the authors in this export file to users -->
<!--    on the site. For each author, you may choose to map to an -->
<!--    existing user on the site or to create a new user. -->
<!-- 7. WordPress will then import each of the posts, pages, comments, categories, etc. -->
<!--    contained in this file into your site. -->

<!-- generator="WordPress/3.4.1" created="2012-09-01 17:36" -->
<rss version="2.0"
	xmlns:excerpt="http://wordpress.org/export/1.2/excerpt/"
	xmlns:content="http://purl.org/rss/1.0/modules/content/"
	xmlns:wfw="http://wellformedweb.org/CommentAPI/"
	xmlns:dc="http://purl.org/dc/elements/1.1/"
	xmlns:wp="http://wordpress.org/export/1.2/">

	<channel>
		<title>Directory Plugin</title>
		<link>http://premium.wpmudev.org/</link>
		<description>Sample top level Listing Categories</description>
		<pubDate>Sat, 01 Sep 2012 17:36:32 +0000</pubDate>
		<language>en-US</language>
		<wp:wxr_version>1.2</wp:wxr_version>
		<wp:base_site_url>http://premium.wpmudev.org/</wp:base_site_url>
		<wp:base_blog_url>http://premium.wpmudev.org/</wp:base_blog_url>


		<wp:term><wp:term_id>1</wp:term_id><wp:term_taxonomy>listing_category</wp:term_taxonomy><wp:term_slug>arts</wp:term_slug><wp:term_parent></wp:term_parent><wp:term_name><![CDATA[Arts]]></wp:term_name></wp:term>

		<wp:term><wp:term_id>17</wp:term_id><wp:term_taxonomy>listing_category</wp:term_taxonomy><wp:term_slug>crafts</wp:term_slug><wp:term_parent>Arts</wp:term_parent><wp:term_name><![CDATA[Crafts]]></wp:term_name></wp:term>
		<wp:term><wp:term_id>18</wp:term_id><wp:term_taxonomy>listing_category</wp:term_taxonomy><wp:term_slug>digital</wp:term_slug><wp:term_parent>Arts</wp:term_parent><wp:term_name><![CDATA[Digital]]></wp:term_name></wp:term>
		<wp:term><wp:term_id>19</wp:term_id><wp:term_taxonomy>listing_category</wp:term_taxonomy><wp:term_slug>drawing</wp:term_slug><wp:term_parent>Arts</wp:term_parent><wp:term_name><![CDATA[Drawing]]></wp:term_name></wp:term>
		<wp:term><wp:term_id>20</wp:term_id><wp:term_taxonomy>listing_category</wp:term_taxonomy><wp:term_slug>fabric</wp:term_slug><wp:term_parent>Arts</wp:term_parent><wp:term_name><![CDATA[Fabric]]></wp:term_name></wp:term>
		<wp:term><wp:term_id>21</wp:term_id><wp:term_taxonomy>listing_category</wp:term_taxonomy><wp:term_slug>sculpture</wp:term_slug><wp:term_parent>Arts</wp:term_parent><wp:term_name><![CDATA[Sculpture]]></wp:term_name></wp:term>
		<wp:term><wp:term_id>22</wp:term_id><wp:term_taxonomy>listing_category</wp:term_taxonomy><wp:term_slug>furniture</wp:term_slug><wp:term_parent>Arts</wp:term_parent><wp:term_name><![CDATA[Furniture]]></wp:term_name></wp:term>
		<wp:term><wp:term_id>23</wp:term_id><wp:term_taxonomy>listing_category</wp:term_taxonomy><wp:term_slug>mixed-media</wp:term_slug><wp:term_parent>Arts</wp:term_parent><wp:term_name><![CDATA[Mixed Media]]></wp:term_name></wp:term>
		<wp:term><wp:term_id>24</wp:term_id><wp:term_taxonomy>listing_category</wp:term_taxonomy><wp:term_slug>painting</wp:term_slug><wp:term_parent>Arts</wp:term_parent><wp:term_name><![CDATA[Painting]]></wp:term_name></wp:term>
		<wp:term><wp:term_id>25</wp:term_id><wp:term_taxonomy>listing_category</wp:term_taxonomy><wp:term_slug>photography</wp:term_slug><wp:term_parent>Arts</wp:term_parent><wp:term_name><![CDATA[Photography]]></wp:term_name></wp:term>
		<wp:term><wp:term_id>26</wp:term_id><wp:term_taxonomy>listing_category</wp:term_taxonomy><wp:term_slug>printmaking</wp:term_slug><wp:term_parent>Arts</wp:term_parent><wp:term_name><![CDATA[Printmaking]]></wp:term_name></wp:term>
		<wp:term><wp:term_id>27</wp:term_id><wp:term_taxonomy>listing_category</wp:term_taxonomy><wp:term_slug>woodwork</wp:term_slug><wp:term_parent>Arts</wp:term_parent><wp:term_name><![CDATA[Woodwork]]></wp:term_name></wp:term>
		<wp:term><wp:term_id>28</wp:term_id><wp:term_taxonomy>listing_category</wp:term_taxonomy><wp:term_slug>jewelry</wp:term_slug><wp:term_parent>Arts</wp:term_parent><wp:term_name><![CDATA[Jewelry]]></wp:term_name></wp:term>
		<wp:term><wp:term_id>29</wp:term_id><wp:term_taxonomy>listing_category</wp:term_taxonomy><wp:term_slug>graphic-design</wp:term_slug><wp:term_parent>Arts</wp:term_parent><wp:term_name><![CDATA[Graphic Design]]></wp:term_name></wp:term>
		<wp:term><wp:term_id>30</wp:term_id><wp:term_taxonomy>listing_category</wp:term_taxonomy><wp:term_slug>Other</wp:term_slug><wp:term_parent>Arts</wp:term_parent><wp:term_name><![CDATA[Other]]></wp:term_name></wp:term>


		<wp:term><wp:term_id>2</wp:term_id><wp:term_taxonomy>listing_category</wp:term_taxonomy><wp:term_slug>business</wp:term_slug><wp:term_parent></wp:term_parent><wp:term_name><![CDATA[Business]]></wp:term_name></wp:term>
		<wp:term><wp:term_id>3</wp:term_id><wp:term_taxonomy>listing_category</wp:term_taxonomy><wp:term_slug>computers</wp:term_slug><wp:term_parent></wp:term_parent><wp:term_name><![CDATA[Computers]]></wp:term_name></wp:term>
		<wp:term><wp:term_id>4</wp:term_id><wp:term_taxonomy>listing_category</wp:term_taxonomy><wp:term_slug>games</wp:term_slug><wp:term_parent></wp:term_parent><wp:term_name><![CDATA[Games]]></wp:term_name></wp:term>
		<wp:term><wp:term_id>5</wp:term_id><wp:term_taxonomy>listing_category</wp:term_taxonomy><wp:term_slug>health</wp:term_slug><wp:term_parent></wp:term_parent><wp:term_name><![CDATA[Health]]></wp:term_name></wp:term>
		<wp:term><wp:term_id>6</wp:term_id><wp:term_taxonomy>listing_category</wp:term_taxonomy><wp:term_slug>home</wp:term_slug><wp:term_parent></wp:term_parent><wp:term_name><![CDATA[Home]]></wp:term_name></wp:term>
		<wp:term><wp:term_id>7</wp:term_id><wp:term_taxonomy>listing_category</wp:term_taxonomy><wp:term_slug>kids-and-teens</wp:term_slug><wp:term_parent></wp:term_parent><wp:term_name><![CDATA[Kids and Teens]]></wp:term_name></wp:term>
		<wp:term><wp:term_id>8</wp:term_id><wp:term_taxonomy>listing_category</wp:term_taxonomy><wp:term_slug>news</wp:term_slug><wp:term_parent></wp:term_parent><wp:term_name><![CDATA[News]]></wp:term_name></wp:term>
		<wp:term><wp:term_id>9</wp:term_id><wp:term_taxonomy>listing_category</wp:term_taxonomy><wp:term_slug>recreation</wp:term_slug><wp:term_parent></wp:term_parent><wp:term_name><![CDATA[Recreation]]></wp:term_name></wp:term>
		<wp:term><wp:term_id>10</wp:term_id><wp:term_taxonomy>listing_category</wp:term_taxonomy><wp:term_slug>reference</wp:term_slug><wp:term_parent></wp:term_parent><wp:term_name><![CDATA[Reference]]></wp:term_name></wp:term>
		<wp:term><wp:term_id>11</wp:term_id><wp:term_taxonomy>listing_category</wp:term_taxonomy><wp:term_slug>regional</wp:term_slug><wp:term_parent></wp:term_parent><wp:term_name><![CDATA[Regional]]></wp:term_name></wp:term>
		<wp:term><wp:term_id>12</wp:term_id><wp:term_taxonomy>listing_category</wp:term_taxonomy><wp:term_slug>science</wp:term_slug><wp:term_parent></wp:term_parent><wp:term_name><![CDATA[Science]]></wp:term_name></wp:term>
		<wp:term><wp:term_id>13</wp:term_id><wp:term_taxonomy>listing_category</wp:term_taxonomy><wp:term_slug>shopping</wp:term_slug><wp:term_parent></wp:term_parent><wp:term_name><![CDATA[Shopping]]></wp:term_name></wp:term>
		<wp:term><wp:term_id>14</wp:term_id><wp:term_taxonomy>listing_category</wp:term_taxonomy><wp:term_slug>society</wp:term_slug><wp:term_parent></wp:term_parent><wp:term_name><![CDATA[Society]]></wp:term_name></wp:term>
		<wp:term><wp:term_id>15</wp:term_id><wp:term_taxonomy>listing_category</wp:term_taxonomy><wp:term_slug>sports</wp:term_slug><wp:term_parent></wp:term_parent><wp:term_name><![CDATA[Sports]]></wp:term_name></wp:term>
		<wp:term><wp:term_id>16</wp:term_id><wp:term_taxonomy>listing_category</wp:term_taxonomy><wp:term_slug>world</wp:term_slug><wp:term_parent></wp:term_parent><wp:term_name><![CDATA[World]]></wp:term_name></wp:term>
		
		<generator>http://wordpress.org/?v=3.4.1</generator>
	
	</channel>
</rss>
